﻿designator,quantity,value,pack,mpn,mount_type
BT1,1,3V,BatteryHolder_Keystone_1060_1x2032,,smt
"C1, C3",2,12pF,C_0402_1005Metric,,smt
"D1, D2",2,RED,LED_0603_1608Metric,,smt
J1,1,Conn_ARM_JTAG_SWD_10,FTSH-105-01-L-DV-K,,smt
J2,1,Conn_01x04,JST_SH_BM04B-SRSS-TB_1x04-1MP_P1.00mm_Vertical,,smt
"R1, R4",2,1K,R_0603_1608Metric,,smt
"R2, R3",2,4.7k,R_0603_1608Metric,,smt
SW1,1,SW_SPST,SW_SPST_B3U-1000P,,smt
TP1,1,1,TestPoint_THTPad,,tht
TP10,1,V,TestPoint_THTPad,,tht
TP2,1,2,TestPoint_THTPad,,tht
TP3,1,3,TestPoint_THTPad,,tht
TP4,1,4,TestPoint_THTPad,,tht
TP5,1,G,TestPoint_THTPad,,tht
TP6,1,C,TestPoint_THTPad,,tht
TP7,1,D,TestPoint_THTPad,,tht
TP8,1,O,TestPoint_THTPad,,tht
TP9,1,R,TestPoint_THTPad,,tht
U1,1,E73-2G4M08S1C,E73(2G4M08S1C) JLCPCB_2,,tht
U2,1,SHT45,Sensirion_DFN-4_1.5x1.5mm_P0.8mm_SHT4x_NoCentralPad,,smt
X2,1,32.768Khz,Crystal_SMD_3215-2Pin_3.2x1.5mm,,smt
