﻿pos_x,pos_y,rotation,side,designator,mpn,pack,value,mount_type,place
119.7,-111.25,180.0,bottom,BT1,,BatteryHolder_Keystone_1060_1x2032,3V,smt,True
122.45,-116.3,0.0,top,C1,,C_0402_1005Metric,12pF,smt,True
122.45,-114.8,0.0,top,C3,,C_0402_1005Metric,12pF,smt,True
117.2,-120.7,180.0,top,D1,,LED_0603_1608Metric,RED,smt,True
117.2,-119.05,180.0,top,D2,,LED_0603_1608Metric,RED,smt,True
123.45,-107.8,90.0,top,J1,,FTSH-105-01-L-DV-K,Conn_ARM_JTAG_SWD_10,smt,True
130.7,-109.8,90.0,top,J2,,JST_SH_BM04B-SRSS-TB_1x04-1MP_P1.00mm_Vertical,Conn_01x04,smt,True
120.45,-120.8,0.0,top,R1,,R_0603_1608Metric,1K,smt,True
130.7,-115.05,180.0,top,R2,,R_0603_1608Metric,4.7k,smt,True
130.45,-117.8,180.0,top,R3,,R_0603_1608Metric,4.7k,smt,True
120.45,-119.05,0.0,top,R4,,R_0603_1608Metric,1K,smt,True
129.2,-102.3,180.0,top,SW1,,SW_SPST_B3U-1000P,SW_SPST,smt,True
105.7,-121.6,0.0,top,TP1,,TestPoint_THTPad,1,tht,False
118.4,-101.4,0.0,top,TP10,,TestPoint_THTPad,V,tht,False
108.24,-121.6,0.0,top,TP2,,TestPoint_THTPad,2,tht,False
110.78,-121.6,0.0,top,TP3,,TestPoint_THTPad,3,tht,False
113.32,-121.6,0.0,top,TP4,,TestPoint_THTPad,4,tht,False
105.7,-101.4,0.0,top,TP5,,TestPoint_THTPad,G,tht,False
108.24,-101.4,0.0,top,TP6,,TestPoint_THTPad,C,tht,False
110.78,-101.4,0.0,top,TP7,,TestPoint_THTPad,D,tht,False
113.32,-101.4,90.0,top,TP8,,TestPoint_THTPad,O,tht,False
115.86,-101.4,0.0,top,TP9,,TestPoint_THTPad,R,tht,False
108.98,-111.5,-90.0,top,U1,,E73(2G4M08S1C) JLCPCB_2,E73-2G4M08S1C,tht,True
135.0,-120.75,0.0,top,U2,,Sensirion_DFN-4_1.5x1.5mm_P0.8mm_SHT4x_NoCentralPad,SHT45,smt,True
119.95,-115.55,90.0,top,X2,,Crystal_SMD_3215-2Pin_3.2x1.5mm,32.768Khz,smt,True
